[{"shards":"59","shards.undesired":"0","write_load.forecast":"0.0","disk.indices.forecast":"1.6tb","disk.indices":"0b","disk.used":"2.6tb","disk.avail":"80.3gb","disk.total":"2.7tb","disk.percent":"97","host":"192.168.0.11","ip":"192.168.0.11","node":"afs-vm-eastus-elastic-az1-fzn-p01","node.role":"f"},{"shards":"59","shards.undesired":"0","write_load.forecast":"0.0","disk.indices.forecast":"1.5tb","disk.indices":"0b","disk.used":"2.6tb","disk.avail":"80.3gb","disk.total":"2.7tb","disk.percent":"97","host":"192.168.0.12","ip":"192.168.0.12","node":"afs-vm-eastus-elastic-az2-fzn-p02","node.role":"f"},{"shards":"575","shards.undesired":"0","write_load.forecast":"0.20858150432926398","disk.indices.forecast":"966.6gb","disk.indices":"783.4gb","disk.used":"791.3gb","disk.avail":"307.3gb","disk.total":"1tb","disk.percent":"72","host":"192.168.0.9","ip":"192.168.0.9","node":"afs-vm-eastus-elastic-az1-hot-p01","node.role":"hist"},{"shards":"575","shards.undesired":"0","write_load.forecast":"0.20858150432926398","disk.indices.forecast":"966.9gb","disk.indices":"783.6gb","disk.used":"791.6gb","disk.avail":"307gb","disk.total":"1tb","disk.percent":"72","host":"192.168.0.10","ip":"192.168.0.10","node":"afs-vm-eastus-elastic-az2-hot-p02","node.role":"hist"}]