{"error":{"root_cause":[{"type":"illegal_argument_exception","reason":"There are no unassigned shards in this cluster. Specify an assigned shard in the request body to explain its allocation. See https://www.elastic.co/docs/api/doc/elasticsearch/v9/operation/operation-cluster-allocation-explain?version=9.1 for more information."}],"type":"illegal_argument_exception","reason":"There are no unassigned shards in this cluster. Specify an assigned shard in the request body to explain its allocation. See https://www.elastic.co/docs/api/doc/elasticsearch/v9/operation/operation-cluster-allocation-explain?version=9.1 for more information."},"status":400}