{"stats":{"successful_downloads":57,"failed_downloads":0,"total_download_time":46541,"databases_count":3,"skipped_updates":0,"expired_databases":0},"nodes":{"5zGVWtZuRN2K4L9nes5rQQ":{"databases":[{"name":"GeoLite2-ASN.mmdb"},{"name":"GeoLite2-Country.mmdb"},{"name":"GeoLite2-City.mmdb"}],"files_in_temp":["GeoLite2-Country.mmdb_elastic-geoip-database-service-agreement-LICENSE.txt","GeoLite2-City.mmdb_LICENSE.txt","GeoLite2-ASN.mmdb_LICENSE.txt","GeoLite2-Country.mmdb_LICENSE.txt","GeoLite2-ASN.mmdb","GeoLite2-City.mmdb_COPYRIGHT.txt","GeoLite2-Country.mmdb","GeoLite2-City.mmdb","GeoLite2-City.mmdb_README.txt","GeoLite2-Country.mmdb_COPYRIGHT.txt","GeoLite2-ASN.mmdb_COPYRIGHT.txt","GeoLite2-City.mmdb_elastic-geoip-database-service-agreement-LICENSE.txt","GeoLite2-ASN.mmdb_elastic-geoip-database-service-agreement-LICENSE.txt"],"cache_stats":{"count":1000,"hits":13737653,"misses":558877,"evictions":557877,"hits_time_in_millis":4840,"misses_time_in_millis":107854}},"qH6PNowDS1GslOgh_1HN_A":{"databases":[{"name":"GeoLite2-ASN.mmdb"},{"name":"GeoLite2-Country.mmdb"},{"name":"GeoLite2-City.mmdb"}],"files_in_temp":["GeoLite2-Country.mmdb_elastic-geoip-database-service-agreement-LICENSE.txt","GeoLite2-City.mmdb_LICENSE.txt","GeoLite2-ASN.mmdb_LICENSE.txt","GeoLite2-ASN.mmdb","GeoLite2-Country.mmdb_LICENSE.txt","GeoLite2-City.mmdb_COPYRIGHT.txt","GeoLite2-Country.mmdb","GeoLite2-City.mmdb","GeoLite2-Country.mmdb_COPYRIGHT.txt","GeoLite2-City.mmdb_README.txt","GeoLite2-ASN.mmdb_COPYRIGHT.txt","GeoLite2-City.mmdb_elastic-geoip-database-service-agreement-LICENSE.txt","GeoLite2-ASN.mmdb_elastic-geoip-database-service-agreement-LICENSE.txt"],"cache_stats":{"count":1000,"hits":8361387139,"misses":1622888152,"evictions":1622887148,"hits_time_in_millis":2510577,"misses_time_in_millis":8548182}}}}