{"_nodes":{"total":9,"successful":9,"failed":0},"cluster_name":"afs-elastic","nodes":{"qH6PNowDS1GslOgh_1HN_A":{"timestamp":1769698501049,"since":1764311360280,"rest_actions":{"nodes_usage_action":5,"security_get_role_mappings_action":4,"ilm_get_action":4,"enrich_stats":4,"ml_get_datafeed_stats_action":4,"get_index_template_action":4,"cat_alias_action":5,"remote_cluster_info_action":4,"security_get_privileges_action":4,"get_mapping_action":5,"cat_count_action":5,"nodes_stats_action":10,"nodes_hot_threads_action":5,"ccr_stats":4,"ml_memory_action":4,"cat_segments_action":5,"ml_get_trained_models_stats_action":4,"cat_health_action":5,"slm_get_lifecycle_stats":4,"get_rollup_job":4,"searchable_snapshots_stats_action":4,"cluster_allocation_explain_action":10,"cluster_health_action":5,"count_action":5,"get_rollup_caps":4,"cat_templates_action":5,"cat_recovery_action":5,"list_dangling_indices":5,"transform_get_transform_node_stats_action":4,"cat_shards_action":14,"cluster_get_settings_action":10,"cat_plugins_action":4,"get_settings_action":4,"cat_indices_action":5,"ilm_get_operation_mode_action":4,"xpack_ml_get_data_frame_analytics_stats_action":4,"xpack_ml_get_data_frame_analytics_action":4,"transform_get_transform_action":4,"get_shutdown_status":4,"ccr_follower_info":4,"ml_get_datafeeds_action":4,"cat_master_action":10,"get_repositories_action":4,"list_tasks_action":4,"bulk_action":9162495,"ingest_get_pipeline_action":4,"cat_node_attrs_action":5,"logstash_get_pipeline":4,"cat_threadpool_action":5,"get_component_template_action":5,"ml_info_action":4,"nodes_info_action":10,"get_desired_balance":5,"ml_get_jobs_action":4,"get_composable_index_template_action":5,"slm_get_lifecycle":4,"watcher_stats":8,"indices_shard_stores_action":4,"indices_segments_action":4,"security_get_roles_action":4,"get_autoscaling_capacity":4,"cat_fielddata_action":10,"searchable_snapshots_cache_stats_action":4,"get_license":15845,"main_action":3529,"ml_get_trained_models_action":4,"ilm_explain_action":8,"ml_get_job_stats_action":4,"ssl_get_certificates":4,"pending_cluster_tasks_action":5,"cat_repositories_action":5,"xpack_usage_action":4,"get_data_streams_action":4,"security_get_users_action":4,"get_enrich_policy":4,"health_action":5,"cat_pending_cluster_tasks_action":5,"indices_stats_action":5,"cat_nodes_action":10,"cluster_state_action":5,"cluster_stats_action":5,"recovery_action":4,"get_snapshots_action":4,"get_aliases_action":5,"slm_get_operation_mode_action":4,"get_profiling_status_action":4,"cat_allocation_action":10,"get_rollup_index_caps":4,"ccr_get_auto_follow_pattern_action":4,"transform_get_transform_stats_action":8,"geoip_downloader_stats":5},"aggregations":{"date_histogram":{"date":1668324,"range":2717},"geo_centroid":{"geopoint":17},"rare_terms":{"keyword":3},"geotile_grid":{"geopoint":17},"range":{"date":121628},"random_sampler":{"other":899},"sum":{"numeric":9234864,"counter":12139},"top_hits":{"other":6994898},"nested":{"other":93930},"min":{"date":226138,"numeric":88556},"avg":{"numeric":1578792},"terms":{"date":46213,"boolean":86793,"ip":2746,"numeric":20061,"keyword":19573546},"stats":{"date":132,"numeric":9447014},"composite":{"other":3298238},"missing":{"ip":1830,"keyword":248260},"significant_terms":{"ip":202,"keyword":13915},"value_count":{"date":4,"boolean":1,"ip":9,"numeric":8,"keyword":15598},"categorize_text":{"other":19607},"date_range":{"date":539},"percentiles":{"numeric":2386},"max":{"date":1437201,"numeric":3296559,"counter":320183},"scripted_metric":{"other":1382816},"top_metrics":{"other":3089},"filters":{"other":3052868},"cardinality":{"date":241,"boolean":251,"ip":20284,"numeric":10703,"geopoint":27,"range":2,"keyword":792050},"sampler":{"other":9609},"histogram":{"numeric":2879448},"filter":{"other":948829},"reverse_nested":{"other":72599},"multi_terms":{"other":4568}}},"FkXTMwl2Qf-rur1P48QeNQ":{"timestamp":1769698501049,"since":1764304775221,"rest_actions":{},"aggregations":{}},"SywzE6bgQ6uWp_7InJeFuw":{"timestamp":1769698501049,"since":1764313311742,"rest_actions":{},"aggregations":{"percentiles":{"numeric":1},"date_histogram":{"date":7748},"max":{"date":3935322},"rare_terms":{"keyword":3},"random_sampler":{"other":47},"sum":{"numeric":18},"top_metrics":{"other":24},"filters":{"other":8376},"top_hits":{"other":2410},"cardinality":{"date":10,"numeric":14,"boolean":4,"keyword":35746,"ip":144},"sampler":{"other":337},"filter":{"other":7552},"min":{"date":7793},"terms":{"numeric":5,"keyword":11349,"ip":213},"stats":{"date":1,"numeric":1},"composite":{"other":1991353},"value_count":{"date":6,"keyword":2205},"categorize_text":{"other":9}}},"shEbUp1xSt22U26Y1kWHAA":{"timestamp":1769698501047,"since":1764308462900,"rest_actions":{"security_get_role_mappings_action":2,"ilm_get_action":164,"ml_get_datafeed_stats_action":3095,"ml_get_calendar_events_action":2999,"esql_delete_async_result":15,"xpack_security_invalidate_api_key":6316,"remote_cluster_info_action":112,"security_get_privileges_action":31,"get_mapping_action":244,"get_indices_action":114229,"create_index_action":54,"update_by_query_action":5396,"ml_memory_action":10,"ml_get_trained_models_stats_action":16,"eql_search":185223,"async_search_submit_action":57688,"get_autoscaling_policy":6,"field_capabilities_action":9836162,"document_get_action":15393451,"cluster_allocation_explain_action":3,"count_action":229576,"fleet_get_global_checkpoints":89919,"xpack_security_query_role":49,"cat_shards_action":5,"cluster_get_settings_action":3230,"get_settings_action":652,"document_index_action":1103308,"security_authenticate_action":1498562,"connector_sync_jobs_list_action":71,"msearch_action":5788799,"xpack_ml_get_data_frame_analytics_action":1525,"security_change_password_action":8,"ccr_follower_info":92,"async_search_status_action":46223,"data_stream_stats_action":60,"ingest_simulate_pipeline_action":8,"get_repositories_action":14,"security_has_privileges_action":10894589,"delete_composable_index_template_action":103,"cat_threadpool_action":5,"security_profile_has_privileges_action":17116,"nodes_info_action":4310998,"ingest_put_pipeline_action":107,"ml_get_jobs_action":7916,"security_user_privileges_action":5,"term_enum_action":8977,"open_point_in_time":660245,"async_search_get_action":27112,"xpack_security_grant_api_key":418,"ilm_delete_action":1,"synonyms_sets_get_action":1,"ml_get_trained_models_action":1511,"create_data_stream_action":11,"ml_get_job_stats_action":3095,"put_mapping_action":535,"analyze_action":90,"xpack_usage_action":90,"get_data_streams_action":13324,"security_get_users_action":53,"document_create_action_auto_id":89830,"document_create_action":3193,"cluster_stats_action":71,"search_action":18324876,"fleet_get_secret":84,"get_aliases_action":8767,"cat_allocation_action":1,"vector_tile_action":16,"rollover_index_action":14,"ml_get_calendars_action":2999,"transform_get_transform_stats_action":18725,"nodes_usage_action":71,"document_update_action":4473849,"get_index_template_action":5182,"get_trial_status":14,"connector_list_action":185,"security_get_builtin_privileges_action":3,"query_ruleset_list_action":1,"nodes_stats_action":1310,"ccr_stats":1,"esql_get_async_result":506,"monitoring_bulk":1077882,"xpack_security_update_profile_data":1,"get_rollup_job":2,"security_put_user_action":4,"cluster_health_action":1319,"document_delete_action":4153,"esql_query":8,"xpack_security_query_api_key":7,"resolve_cluster_action":883,"async_search_delete_action":594,"close_point_in_time":642234,"cat_indices_action":649,"xpack_security_activate_profile":452,"graph":1,"transform_get_transform_action":17987,"simulate_template_action":449,"fleet_msearch_action":127834,"search_application_list_action":2,"get_data_lifecycles_action":56,"document_mget_action":2322221,"ml_get_datafeeds_action":4511,"list_tasks_action":11,"bulk_action":12735624,"ingest_get_pipeline_action":326,"logstash_get_pipeline":7,"get_component_template_action":5688,"ml_info_action":3531,"put_component_template_action":515,"esql_async_query":89469,"get_composable_index_template_action":5892,"ilm_put_action":24,"slm_get_lifecycle":6,"security_delete_user_action":1,"xpack_info_action":733173,"xpack_security_get_api_key":81,"security_get_roles_action":44,"xpack_security_suggest_profile":17125,"delete_by_query_action":4200,"get_license":35689,"main_action":95102,"get_inference_model_action":74,"ilm_explain_action":331499,"fleet_search_action":120,"get_enrich_policy":7,"indices_stats_action":6152,"cat_nodes_action":2,"_scripts_painless_execute":1,"resolve_index_action":197,"simulate_index_template_action":465,"recovery_action":1,"get_snapshots_action":5,"slm_get_operation_mode_action":1,"get_rollup_index_caps":100,"update_settings_action":473,"ingest_delete_pipeline_action":7,"put_composable_index_template_action":441,"security_put_role_action":2,"refresh_action":322,"search_scroll_action":219,"xpack_security_get_profile":353354},"aggregations":{}},"cadAw8rHRey02P9JG7EU5w":{"timestamp":1769698501039,"since":1764307426906,"rest_actions":{},"aggregations":{}},"p8x67SRnRRSe-fTgH6fW0A":{"timestamp":1769698501033,"since":1764314134557,"rest_actions":{},"aggregations":{"date_histogram":{"date":6913},"max":{"date":4573360},"random_sampler":{"other":93},"filters":{"other":10023},"top_hits":{"other":2464},"cardinality":{"date":3,"keyword":42017,"ip":55},"sampler":{"other":221},"filter":{"other":5553},"min":{"date":265},"terms":{"keyword":11237},"composite":{"other":2286494},"significant_terms":{"keyword":860,"ip":10},"value_count":{"keyword":791},"categorize_text":{"other":42}}},"HLzM4CFpSx-TKeGjft7BGA":{"timestamp":1769698501030,"since":1764305682089,"rest_actions":{},"aggregations":{}},"FpfZMqOJQOSb8QPexZxqwQ":{"timestamp":1769698501047,"since":1764306549696,"rest_actions":{},"aggregations":{}},"5zGVWtZuRN2K4L9nes5rQQ":{"timestamp":1769698501045,"since":1765290262307,"rest_actions":{"nodes_usage_action":5,"security_get_role_mappings_action":5,"ilm_get_action":5,"enrich_stats":5,"ml_get_datafeed_stats_action":5,"get_index_template_action":5,"cat_alias_action":5,"remote_cluster_info_action":5,"security_get_privileges_action":5,"get_mapping_action":5,"cat_count_action":5,"nodes_stats_action":10,"nodes_hot_threads_action":5,"ccr_stats":5,"ml_memory_action":5,"cat_segments_action":5,"ml_get_trained_models_stats_action":5,"cat_health_action":5,"slm_get_lifecycle_stats":5,"get_rollup_job":5,"searchable_snapshots_stats_action":5,"cluster_allocation_explain_action":10,"cluster_health_action":5,"count_action":5,"get_rollup_caps":5,"cat_templates_action":5,"cat_recovery_action":5,"list_dangling_indices":5,"transform_get_transform_node_stats_action":5,"cat_shards_action":15,"cluster_get_settings_action":10,"cat_plugins_action":5,"get_settings_action":5,"cat_indices_action":5,"ilm_get_operation_mode_action":5,"xpack_ml_get_data_frame_analytics_stats_action":5,"xpack_ml_get_data_frame_analytics_action":5,"transform_get_transform_action":5,"get_shutdown_status":5,"ccr_follower_info":5,"ml_get_datafeeds_action":5,"cat_master_action":10,"get_repositories_action":5,"list_tasks_action":5,"ingest_get_pipeline_action":5,"cat_node_attrs_action":5,"logstash_get_pipeline":5,"cat_threadpool_action":5,"get_component_template_action":5,"ml_info_action":5,"nodes_info_action":10,"get_desired_balance":5,"ml_get_jobs_action":5,"get_composable_index_template_action":5,"slm_get_lifecycle":5,"watcher_stats":10,"indices_shard_stores_action":5,"indices_segments_action":5,"security_get_roles_action":5,"get_autoscaling_capacity":5,"cat_fielddata_action":10,"searchable_snapshots_cache_stats_action":5,"get_license":5,"main_action":10,"ml_get_trained_models_action":5,"ilm_explain_action":10,"ml_get_job_stats_action":5,"ssl_get_certificates":5,"pending_cluster_tasks_action":5,"cat_repositories_action":5,"xpack_usage_action":5,"get_data_streams_action":5,"security_get_users_action":5,"get_enrich_policy":5,"health_action":5,"cat_pending_cluster_tasks_action":5,"indices_stats_action":5,"cat_nodes_action":10,"cluster_state_action":5,"cluster_stats_action":5,"recovery_action":5,"get_snapshots_action":5,"get_aliases_action":5,"slm_get_operation_mode_action":5,"get_profiling_status_action":5,"cat_allocation_action":10,"get_rollup_index_caps":5,"ccr_get_auto_follow_pattern_action":5,"transform_get_transform_stats_action":10,"geoip_downloader_stats":5},"aggregations":{"date_histogram":{"date":1006861,"range":2010},"geo_centroid":{"geopoint":15},"rare_terms":{"keyword":3},"geotile_grid":{"geopoint":15},"range":{"date":50121},"random_sampler":{"other":39},"sum":{"numeric":149961,"counter":7706},"top_hits":{"other":4072482},"nested":{"other":31700},"min":{"date":116309,"numeric":64692},"avg":{"numeric":988130},"terms":{"date":10666,"numeric":18080,"boolean":42623,"keyword":11228274,"ip":714},"stats":{"date":8,"numeric":5887581},"composite":{"other":2549323},"missing":{"keyword":102252,"ip":4},"value_count":{"date":4,"numeric":2,"keyword":8407,"ip":13},"categorize_text":{"other":17348},"date_range":{"date":272},"percentiles":{"numeric":1088},"max":{"date":768111,"numeric":1903894,"counter":200556},"scripted_metric":{"other":1140716},"top_metrics":{"other":2501},"filters":{"other":1587516},"cardinality":{"date":19,"boolean":17,"ip":16064,"numeric":8685,"geopoint":2,"keyword":213970},"sampler":{"other":946},"histogram":{"numeric":1239803},"filter":{"other":393998},"reverse_nested":{"other":24784},"multi_terms":{"other":1242}}}}}