{"count":5,"datafeeds":[{"datafeed_id":"datafeed-4649","job_id":"4649","authorization":{"roles":["superuser"]},"query_delay":"79485ms","chunking_config":{"mode":"manual","time_span":"900000000ms"},"indices_options":{"ignore_unavailable":false,"expand_wildcards":["open"],"allow_no_indices":true,"ignore_throttled":true},"query":{"bool":{"must":[{"match_all":{}}]}},"indices":["logs-proofpoint_tap.*"],"aggregations":{"buckets":{"date_histogram":{"field":"@timestamp","fixed_interval":"900000ms"},"aggregations":{"@timestamp":{"max":{"field":"@timestamp"}},"dc_event.id":{"cardinality":{"field":"event.id"}}}}},"scroll_size":1000,"delayed_data_check_config":{"enabled":true}},{"datafeed_id":"datafeed-high_count_by_destination_country","job_id":"high_count_by_destination_country","authorization":{"roles":["superuser"]},"query_delay":"68523ms","chunking_config":{"mode":"auto"},"indices_options":{"ignore_unavailable":false,"expand_wildcards":["open"],"allow_no_indices":true,"ignore_throttled":true},"query":{"bool":{"filter":[{"term":{"event.category":"network"}},{"exists":{"field":"destination.geo.country_name"}}],"must_not":{"terms":{"process.name":["elastic-agent.exe","elastic-agent","metricbeat.exe","metricbeat","filebeat.exe","filebeat","packetbeat.exe","packetbeat","winlogbeat.exe","winlogbeat"]}}}},"indices":["logs-*","filebeat-*","packetbeat-*"],"scroll_size":1000,"delayed_data_check_config":{"enabled":true},"max_empty_searches":10},{"datafeed_id":"datafeed-high_count_network_denies","job_id":"high_count_network_denies","authorization":{"roles":["superuser"]},"query_delay":"93751ms","chunking_config":{"mode":"auto"},"indices_options":{"ignore_unavailable":false,"expand_wildcards":["open"],"allow_no_indices":true,"ignore_throttled":true},"query":{"bool":{"filter":[{"term":{"event.category":"network"}}],"must":[{"bool":{"should":[{"match":{"event.outcome":{"query":"deny","operator":"OR"}}},{"match":{"event.type":{"query":"denied","operator":"OR"}}}]}}]}},"indices":["logs-*","filebeat-*","packetbeat-*"],"scroll_size":1000,"delayed_data_check_config":{"enabled":true},"max_empty_searches":10},{"datafeed_id":"datafeed-high_count_network_events","job_id":"high_count_network_events","authorization":{"roles":["superuser"]},"query_delay":"83858ms","chunking_config":{"mode":"auto"},"indices_options":{"ignore_unavailable":false,"expand_wildcards":["open"],"allow_no_indices":true,"ignore_throttled":true},"query":{"bool":{"filter":[{"term":{"event.category":"network"}}],"must_not":{"terms":{"process.name":["elastic-agent.exe","elastic-agent","metricbeat.exe","metricbeat","filebeat.exe","filebeat","packetbeat.exe","packetbeat","winlogbeat.exe","winlogbeat"]}}}},"indices":["logs-*","filebeat-*","packetbeat-*"],"scroll_size":1000,"delayed_data_check_config":{"enabled":true},"max_empty_searches":10},{"datafeed_id":"datafeed-rare_destination_country","job_id":"rare_destination_country","authorization":{"roles":["superuser"]},"query_delay":"60819ms","chunking_config":{"mode":"auto"},"indices_options":{"ignore_unavailable":false,"expand_wildcards":["open"],"allow_no_indices":true,"ignore_throttled":true},"query":{"bool":{"filter":[{"term":{"event.category":"network"}},{"exists":{"field":"destination.geo.country_name"}}],"must_not":{"terms":{"process.name":["elastic-agent.exe","elastic-agent","metricbeat.exe","metricbeat","filebeat.exe","filebeat","packetbeat.exe","packetbeat","winlogbeat.exe","winlogbeat"]}}}},"indices":["logs-*","filebeat-*","packetbeat-*"],"scroll_size":1000,"delayed_data_check_config":{"enabled":true},"max_empty_searches":10}]}