{"count":5,"jobs":[{"job_id":"4649","data_counts":{"job_id":"4649","processed_record_count":545,"processed_field_count":545,"input_bytes":25613,"input_field_count":545,"invalid_date_count":0,"missing_field_count":0,"out_of_order_timestamp_count":0,"empty_bucket_count":1918,"sparse_bucket_count":0,"bucket_count":2462,"earliest_record_timestamp":1758721965000,"latest_record_timestamp":1760938065000,"last_data_time":1760964449611,"latest_empty_bucket_timestamp":1760936400000,"input_record_count":545,"log_time":1760964449611},"model_size_stats":{"job_id":"4649","result_type":"model_size_stats","model_bytes":36400,"peak_model_bytes":100330,"model_bytes_exceeded":0,"model_bytes_memory_limit":11534336,"total_by_field_count":3,"total_over_field_count":0,"total_partition_field_count":2,"bucket_allocation_failures_count":0,"memory_status":"ok","assignment_memory_basis":"current_model_bytes","output_memory_allocator_bytes":0,"categorized_doc_count":0,"total_category_count":0,"frequent_category_count":0,"rare_category_count":0,"dead_category_count":0,"failed_category_count":0,"categorization_status":"ok","log_time":1760964450334,"timestamp":1760936400000},"forecasts_stats":{"total":0,"forecasted_jobs":0},"state":"closed","timing_stats":{"job_id":"4649","bucket_count":2461,"total_bucket_processing_time_ms":196.00000000000023,"minimum_bucket_processing_time_ms":0.0,"maximum_bucket_processing_time_ms":7.0,"average_bucket_processing_time_ms":0.07964242177976441,"exponential_average_bucket_processing_time_ms":0.047856866081176515,"exponential_average_bucket_processing_time_per_hour_ms":0.02148380445007052}},{"job_id":"high_count_by_destination_country","data_counts":{"job_id":"high_count_by_destination_country","processed_record_count":0,"processed_field_count":0,"input_bytes":0,"input_field_count":0,"invalid_date_count":0,"missing_field_count":0,"out_of_order_timestamp_count":0,"empty_bucket_count":0,"sparse_bucket_count":0,"bucket_count":0,"input_record_count":0},"model_size_stats":{"job_id":"high_count_by_destination_country","result_type":"model_size_stats","model_bytes":0,"total_by_field_count":0,"total_over_field_count":0,"total_partition_field_count":0,"bucket_allocation_failures_count":0,"memory_status":"ok","categorized_doc_count":0,"total_category_count":0,"frequent_category_count":0,"rare_category_count":0,"dead_category_count":0,"failed_category_count":0,"categorization_status":"ok","log_time":1769698603471},"forecasts_stats":{"total":0,"forecasted_jobs":0},"state":"closed","timing_stats":{"job_id":"high_count_by_destination_country","bucket_count":0,"total_bucket_processing_time_ms":0.0,"exponential_average_bucket_processing_time_per_hour_ms":0.0}},{"job_id":"high_count_network_denies","data_counts":{"job_id":"high_count_network_denies","processed_record_count":294903907,"processed_field_count":1104767740,"input_bytes":50422689148,"input_field_count":1104767740,"invalid_date_count":0,"missing_field_count":74847888,"out_of_order_timestamp_count":0,"empty_bucket_count":46,"sparse_bucket_count":2,"bucket_count":9321,"earliest_record_timestamp":1761312910000,"latest_record_timestamp":1769698349000,"last_data_time":1769698444818,"latest_empty_bucket_timestamp":1765522800000,"latest_sparse_bucket_timestamp":1764303300000,"input_record_count":294903907,"log_time":1769698444818},"model_size_stats":{"job_id":"high_count_network_denies","result_type":"model_size_stats","model_bytes":5449916,"peak_model_bytes":13320514,"model_bytes_exceeded":560068,"model_bytes_memory_limit":11534336,"total_by_field_count":3,"total_over_field_count":0,"total_partition_field_count":2,"bucket_allocation_failures_count":0,"memory_status":"soft_limit","assignment_memory_basis":"current_model_bytes","output_memory_allocator_bytes":0,"categorized_doc_count":0,"total_category_count":0,"frequent_category_count":0,"rare_category_count":0,"dead_category_count":0,"failed_category_count":0,"categorization_status":"ok","log_time":1769698444827,"timestamp":1769697900000},"forecasts_stats":{"total":0,"forecasted_jobs":0},"state":"opened","node":{"id":"FkXTMwl2Qf-rur1P48QeNQ","name":"afs-vm-eastus-elastic-az1-ml-p01","ephemeral_id":"AMwIHSB0S-mryPcEbHDD0w","transport_address":"192.168.0.7:9300","attributes":{"xpack.installed":"true","ml.config_version":"12.0.0","ml.max_jvm_size":"6597640192","ml.allocated_processors_double":"8.0","ml.allocated_processors":"8","ml.machine_memory":"16495337472","transform.config_version":"10.0.0"}},"assignment_explanation":"","open_time":"5392940s","timing_stats":{"job_id":"high_count_network_denies","bucket_count":9200,"total_bucket_processing_time_ms":129087.99999999978,"minimum_bucket_processing_time_ms":1.0,"maximum_bucket_processing_time_ms":54.0,"average_bucket_processing_time_ms":14.031304347826064,"exponential_average_bucket_processing_time_ms":14.081787489215357,"exponential_average_bucket_processing_time_per_hour_ms":48.80105474415136}},{"job_id":"high_count_network_events","data_counts":{"job_id":"high_count_network_events","processed_record_count":0,"processed_field_count":0,"input_bytes":0,"input_field_count":0,"invalid_date_count":0,"missing_field_count":0,"out_of_order_timestamp_count":0,"empty_bucket_count":0,"sparse_bucket_count":0,"bucket_count":0,"input_record_count":0},"model_size_stats":{"job_id":"high_count_network_events","result_type":"model_size_stats","model_bytes":0,"total_by_field_count":0,"total_over_field_count":0,"total_partition_field_count":0,"bucket_allocation_failures_count":0,"memory_status":"ok","categorized_doc_count":0,"total_category_count":0,"frequent_category_count":0,"rare_category_count":0,"dead_category_count":0,"failed_category_count":0,"categorization_status":"ok","log_time":1769698603470},"forecasts_stats":{"total":0,"forecasted_jobs":0},"state":"closed","timing_stats":{"job_id":"high_count_network_events","bucket_count":0,"total_bucket_processing_time_ms":0.0,"exponential_average_bucket_processing_time_per_hour_ms":0.0}},{"job_id":"rare_destination_country","data_counts":{"job_id":"rare_destination_country","processed_record_count":0,"processed_field_count":0,"input_bytes":0,"input_field_count":0,"invalid_date_count":0,"missing_field_count":0,"out_of_order_timestamp_count":0,"empty_bucket_count":0,"sparse_bucket_count":0,"bucket_count":0,"input_record_count":0},"model_size_stats":{"job_id":"rare_destination_country","result_type":"model_size_stats","model_bytes":0,"total_by_field_count":0,"total_over_field_count":0,"total_partition_field_count":0,"bucket_allocation_failures_count":0,"memory_status":"ok","categorized_doc_count":0,"total_category_count":0,"frequent_category_count":0,"rare_category_count":0,"dead_category_count":0,"failed_category_count":0,"categorization_status":"ok","log_time":1769698603471},"forecasts_stats":{"total":0,"forecasted_jobs":0},"state":"closed","timing_stats":{"job_id":"rare_destination_country","bucket_count":0,"total_bucket_processing_time_ms":0.0,"exponential_average_bucket_processing_time_per_hour_ms":0.0}}]}