{"nodes":{"5zGVWtZuRN2K4L9nes5rQQ":{"shared_cache":{"reads":0,"bytes_read":"0b","bytes_read_in_bytes":0,"writes":0,"bytes_written":"0b","bytes_written_in_bytes":0,"evictions":0,"num_regions":0,"size":"0b","size_in_bytes":0,"region_size":"16mb","region_size_in_bytes":16777216}},"p8x67SRnRRSe-fTgH6fW0A":{"shared_cache":{"reads":86213331,"bytes_read":"617.6tb","bytes_read_in_bytes":679062042051190,"writes":22420,"bytes_written":"343.5gb","bytes_written_in_bytes":368872120320,"evictions":0,"num_regions":173735,"size":"2.6tb","size_in_bytes":2914793824256,"region_size":"16mb","region_size_in_bytes":16777216}},"SywzE6bgQ6uWp_7InJeFuw":{"shared_cache":{"reads":71265244,"bytes_read":"531.8tb","bytes_read_in_bytes":584738589589457,"writes":19429,"bytes_written":"294.5gb","bytes_written_in_bytes":316249153536,"evictions":0,"num_regions":173735,"size":"2.6tb","size_in_bytes":2914793824256,"region_size":"16mb","region_size_in_bytes":16777216}},"qH6PNowDS1GslOgh_1HN_A":{"shared_cache":{"reads":0,"bytes_read":"0b","bytes_read_in_bytes":0,"writes":0,"bytes_written":"0b","bytes_written_in_bytes":0,"evictions":0,"num_regions":0,"size":"0b","size_in_bytes":0,"region_size":"16mb","region_size_in_bytes":16777216}}}}