{"p8x67SRnRRSe-fTgH6fW0A":{"scheduler":{"registered_transform_count":0,"peek_transform":null}},"HLzM4CFpSx-TKeGjft7BGA":{"scheduler":{"registered_transform_count":0,"peek_transform":null}},"5zGVWtZuRN2K4L9nes5rQQ":{"scheduler":{"registered_transform_count":0,"peek_transform":null}},"cadAw8rHRey02P9JG7EU5w":{"scheduler":{"registered_transform_count":0,"peek_transform":null}},"FpfZMqOJQOSb8QPexZxqwQ":{"scheduler":{"registered_transform_count":0,"peek_transform":null}},"FkXTMwl2Qf-rur1P48QeNQ":{"scheduler":{"registered_transform_count":0,"peek_transform":null}},"shEbUp1xSt22U26Y1kWHAA":{"scheduler":{"registered_transform_count":0,"peek_transform":null}},"SywzE6bgQ6uWp_7InJeFuw":{"scheduler":{"registered_transform_count":0,"peek_transform":null}},"qH6PNowDS1GslOgh_1HN_A":{"scheduler":{"registered_transform_count":6,"peek_transform":"endpoint.metadata_current-default-9.1.0"}},"total":{"scheduler":{"registered_transform_count":6}}}