{"count":5,"jobs":[{"job_id":"4649","job_type":"anomaly_detector","job_version":"12.0.0","create_time":1760964445793,"finished_time":1760964450553,"model_snapshot_id":"1760964450","custom_settings":{"created_by":"single-metric-wizard"},"datafeed_config":{"datafeed_id":"datafeed-4649","job_id":"4649","authorization":{"roles":["superuser"]},"query_delay":"79485ms","chunking_config":{"mode":"manual","time_span":"900000000ms"},"indices_options":{"ignore_unavailable":false,"expand_wildcards":["open"],"allow_no_indices":true,"ignore_throttled":true},"query":{"bool":{"must":[{"match_all":{}}]}},"indices":["logs-proofpoint_tap.*"],"aggregations":{"buckets":{"date_histogram":{"field":"@timestamp","fixed_interval":"900000ms"},"aggregations":{"@timestamp":{"max":{"field":"@timestamp"}},"dc_event.id":{"cardinality":{"field":"event.id"}}}}},"scroll_size":1000,"delayed_data_check_config":{"enabled":true}},"description":"event4649","analysis_config":{"bucket_span":"15m","summary_count_field_name":"dc_event.id","detectors":[{"detector_description":"cardinality (event.id)","function":"non_zero_count","detector_index":0}],"influencers":[],"model_prune_window":"30d"},"analysis_limits":{"model_memory_limit":"11mb","categorization_examples_limit":4},"data_description":{"time_field":"@timestamp","time_format":"epoch_ms"},"model_plot_config":{"enabled":true,"annotations_enabled":true},"model_snapshot_retention_days":10,"daily_model_snapshot_retention_after_days":1,"results_index_name":"shared","allow_lazy_open":false},{"job_id":"high_count_by_destination_country","job_type":"anomaly_detector","job_version":"12.0.0","create_time":1761742283562,"custom_settings":{"created_by":"ml-module-security-network","security_app_display_name":"Spike in Network Traffic to a Country","managed":true,"job_revision":4},"datafeed_config":{"datafeed_id":"datafeed-high_count_by_destination_country","job_id":"high_count_by_destination_country","authorization":{"roles":["superuser"]},"query_delay":"68523ms","chunking_config":{"mode":"auto"},"indices_options":{"ignore_unavailable":false,"expand_wildcards":["open"],"allow_no_indices":true,"ignore_throttled":true},"query":{"bool":{"filter":[{"term":{"event.category":"network"}},{"exists":{"field":"destination.geo.country_name"}}],"must_not":{"terms":{"process.name":["elastic-agent.exe","elastic-agent","metricbeat.exe","metricbeat","filebeat.exe","filebeat","packetbeat.exe","packetbeat","winlogbeat.exe","winlogbeat"]}}}},"indices":["logs-*","filebeat-*","packetbeat-*"],"scroll_size":1000,"delayed_data_check_config":{"enabled":true},"max_empty_searches":10},"groups":["network","security"],"description":"Security: Network - Looks for an unusually large spike in network activity to one destination country in the network logs. This could be due to unusually large amounts of reconnaissance or enumeration traffic. Data exfiltration activity may also produce such a surge in traffic to a destination country which does not normally appear in network traffic or business work-flows. Malware instances and persistence mechanisms may communicate with command-and-control (C2) infrastructure in their country of origin, which may be an unusual destination country for the source network.","analysis_config":{"bucket_span":"15m","detectors":[{"detector_description":"Detects high count by country.","function":"high_non_zero_count","by_field_name":"destination.geo.country_name","detector_index":0}],"influencers":["destination.geo.country_name","destination.as.organization.name","source.ip","destination.ip"],"model_prune_window":"30d"},"analysis_limits":{"model_memory_limit":"13mb","categorization_examples_limit":4},"data_description":{"time_field":"@timestamp","time_format":"epoch_ms"},"model_snapshot_retention_days":10,"daily_model_snapshot_retention_after_days":1,"results_index_name":"custom-high_count_by_destination_country","allow_lazy_open":true},{"job_id":"high_count_network_denies","job_type":"anomaly_detector","job_version":"12.0.0","create_time":1761742283562,"model_snapshot_id":"1769691696","custom_settings":{"created_by":"ml-module-security-network","security_app_display_name":"Spike in Firewall Denies","managed":true,"job_revision":4},"datafeed_config":{"datafeed_id":"datafeed-high_count_network_denies","job_id":"high_count_network_denies","authorization":{"roles":["superuser"]},"query_delay":"93751ms","chunking_config":{"mode":"auto"},"indices_options":{"ignore_unavailable":false,"expand_wildcards":["open"],"allow_no_indices":true,"ignore_throttled":true},"query":{"bool":{"filter":[{"term":{"event.category":"network"}}],"must":[{"bool":{"should":[{"match":{"event.outcome":{"query":"deny","operator":"OR"}}},{"match":{"event.type":{"query":"denied","operator":"OR"}}}]}}]}},"indices":["logs-*","filebeat-*","packetbeat-*"],"scroll_size":1000,"delayed_data_check_config":{"enabled":true},"max_empty_searches":10},"groups":["network","security"],"description":"Security: Network - Looks for an unusually large spike in network traffic that was denied by network ACLs or firewall rules. Such a burst of denied traffic is usually either 1) a misconfigured application or firewall or 2) suspicious or malicious activity. Unsuccessful attempts at network transit, in order to connect to command-and-control (C2), or engage in data exfiltration, may produce a burst of failed connections. This could also be due to unusually large amounts of reconnaissance or enumeration traffic.  Denial-of-service attacks or traffic floods may also produce such a surge in traffic.","analysis_config":{"bucket_span":"15m","detectors":[{"detector_description":"Detects high count of network denies.","function":"high_count","detector_index":0}],"influencers":["destination.geo.country_name","destination.as.organization.name","source.ip","destination.port"],"model_prune_window":"30d"},"analysis_limits":{"model_memory_limit":"11mb","categorization_examples_limit":4},"data_description":{"time_field":"@timestamp","time_format":"epoch_ms"},"model_snapshot_retention_days":10,"daily_model_snapshot_retention_after_days":1,"results_index_name":"custom-high_count_network_denies","allow_lazy_open":true},{"job_id":"high_count_network_events","job_type":"anomaly_detector","job_version":"12.0.0","create_time":1761742283563,"custom_settings":{"created_by":"ml-module-security-network","security_app_display_name":"Spike in Network Traffic","managed":true,"job_revision":4},"datafeed_config":{"datafeed_id":"datafeed-high_count_network_events","job_id":"high_count_network_events","authorization":{"roles":["superuser"]},"query_delay":"83858ms","chunking_config":{"mode":"auto"},"indices_options":{"ignore_unavailable":false,"expand_wildcards":["open"],"allow_no_indices":true,"ignore_throttled":true},"query":{"bool":{"filter":[{"term":{"event.category":"network"}}],"must_not":{"terms":{"process.name":["elastic-agent.exe","elastic-agent","metricbeat.exe","metricbeat","filebeat.exe","filebeat","packetbeat.exe","packetbeat","winlogbeat.exe","winlogbeat"]}}}},"indices":["logs-*","filebeat-*","packetbeat-*"],"scroll_size":1000,"delayed_data_check_config":{"enabled":true},"max_empty_searches":10},"groups":["network","security"],"description":"Security: Network - Looks for an unusually large spike in network traffic. Such a burst of traffic, if not caused by a surge in business activity, can be due to suspicious or malicious activity. Large-scale data exfiltration may produce a burst of network traffic; this could also be due to unusually large amounts of reconnaissance or enumeration traffic.  Denial-of-service attacks or traffic floods may also produce such a surge in traffic.","analysis_config":{"bucket_span":"15m","detectors":[{"detector_description":"Detects high count of network events.","function":"high_count","detector_index":0}],"influencers":["destination.geo.country_name","destination.as.organization.name","source.ip","destination.ip"],"model_prune_window":"30d"},"analysis_limits":{"model_memory_limit":"11mb","categorization_examples_limit":4},"data_description":{"time_field":"@timestamp","time_format":"epoch_ms"},"model_snapshot_retention_days":10,"daily_model_snapshot_retention_after_days":1,"results_index_name":"custom-high_count_network_events","allow_lazy_open":true},{"job_id":"rare_destination_country","job_type":"anomaly_detector","job_version":"12.0.0","create_time":1761742283562,"custom_settings":{"created_by":"ml-module-security-network","security_app_display_name":"Network Traffic to Rare Destination Country","managed":true,"job_revision":4},"datafeed_config":{"datafeed_id":"datafeed-rare_destination_country","job_id":"rare_destination_country","authorization":{"roles":["superuser"]},"query_delay":"60819ms","chunking_config":{"mode":"auto"},"indices_options":{"ignore_unavailable":false,"expand_wildcards":["open"],"allow_no_indices":true,"ignore_throttled":true},"query":{"bool":{"filter":[{"term":{"event.category":"network"}},{"exists":{"field":"destination.geo.country_name"}}],"must_not":{"terms":{"process.name":["elastic-agent.exe","elastic-agent","metricbeat.exe","metricbeat","filebeat.exe","filebeat","packetbeat.exe","packetbeat","winlogbeat.exe","winlogbeat"]}}}},"indices":["logs-*","filebeat-*","packetbeat-*"],"scroll_size":1000,"delayed_data_check_config":{"enabled":true},"max_empty_searches":10},"groups":["network","security"],"description":"Security: Network - looks for an unusual destination country name in the network logs. This can be due to initial access, persistence, command-and-control, or exfiltration activity. For example, when a user clicks on a link in a phishing email or opens a malicious document, a request may be sent to download and run a payload from a server in a country which does not normally appear in network traffic or business work-flows. Malware instances and persistence mechanisms may communicate with command-and-control (C2) infrastructure in their country of origin, which may be an unusual destination country for the source network.","analysis_config":{"bucket_span":"15m","detectors":[{"detector_description":"Detects rare country names.","function":"rare","by_field_name":"destination.geo.country_name","detector_index":0}],"influencers":["destination.geo.country_name","destination.as.organization.name","source.ip","destination.ip"],"model_prune_window":"30d"},"analysis_limits":{"model_memory_limit":"11mb","categorization_examples_limit":4},"data_description":{"time_field":"@timestamp","time_format":"epoch_ms"},"model_snapshot_retention_days":10,"daily_model_snapshot_retention_after_days":1,"results_index_name":"custom-rare_destination_country","allow_lazy_open":true}]}