{"count":5,"datafeeds":[{"datafeed_id":"datafeed-4649","state":"stopped","timing_stats":{"job_id":"4649","search_count":4,"bucket_count":2462,"total_search_time_ms":67.0,"average_search_time_per_bucket_ms":0.027213647441104792,"exponential_average_search_time_per_hour_ms":21.136867242946092}},{"datafeed_id":"datafeed-high_count_by_destination_country","state":"stopped","timing_stats":{"job_id":"high_count_by_destination_country","search_count":0,"bucket_count":0,"total_search_time_ms":0.0,"exponential_average_search_time_per_hour_ms":0.0}},{"datafeed_id":"datafeed-high_count_network_denies","state":"started","node":{"id":"FkXTMwl2Qf-rur1P48QeNQ","name":"afs-vm-eastus-elastic-az1-ml-p01","ephemeral_id":"AMwIHSB0S-mryPcEbHDD0w","transport_address":"192.168.0.7:9300","attributes":{"ml.machine_memory":"16495337472","ml.allocated_processors":"8","ml.allocated_processors_double":"8.0","ml.max_jvm_size":"6597640192","ml.config_version":"12.0.0"}},"assignment_explanation":"","timing_stats":{"job_id":"high_count_network_denies","search_count":366879,"bucket_count":9316,"total_search_time_ms":3.1447347E7,"average_search_time_per_bucket_ms":3375.6276298840703,"exponential_average_search_time_per_hour_ms":14236.0327971241},"running_state":{"real_time_configured":true,"real_time_running":true,"search_interval":{"start_ms":1769698319469,"end_ms":1769698350000}}},{"datafeed_id":"datafeed-high_count_network_events","state":"stopped","timing_stats":{"job_id":"high_count_network_events","search_count":0,"bucket_count":0,"total_search_time_ms":0.0,"exponential_average_search_time_per_hour_ms":0.0}},{"datafeed_id":"datafeed-rare_destination_country","state":"stopped","timing_stats":{"job_id":"rare_destination_country","search_count":0,"bucket_count":0,"total_search_time_ms":0.0,"exponential_average_search_time_per_hour_ms":0.0}}]}