{"defaults":{"anomaly_detectors":{"model_memory_limit":"1gb","categorization_examples_limit":4,"model_snapshot_retention_days":10,"daily_model_snapshot_retention_after_days":1,"categorization_analyzer":{"char_filter":["first_line_with_letters"],"tokenizer":"ml_standard","filter":[{"type":"stop","stopwords":["Monday","Tuesday","Wednesday","Thursday","Friday","Saturday","Sunday","Mon","Tue","Wed","Thu","Fri","Sat","Sun","January","February","March","April","May","June","July","August","September","October","November","December","Jan","Feb","Mar","Apr","May","Jun","Jul","Aug","Sep","Oct","Nov","Dec","GMT","UTC"]},{"type":"limit","max_token_count":"100"}]}},"datafeeds":{"scroll_size":1000}},"upgrade_mode":false,"native_code":{"version":"9.1.3","build_hash":"62f2779e1b9e97"},"limits":{"total_ml_memory":"9438mb","total_ml_processors":16,"effective_max_model_memory_limit":"4679mb","max_single_ml_node_processors":8}}