{"count":2,"trained_model_stats":[{"model_id":".elser_model_2_linux-x86_64","model_size_stats":{"model_size_bytes":274756282,"required_native_memory_bytes":0},"pipeline_count":0,"inference_stats":{"failure_count":0,"inference_count":0,"cache_miss_count":0,"missing_all_fields_count":0,"timestamp":1769698501456},"deployment_stats":{"deployment_id":".elser-2-elasticsearch","model_id":".elser_model_2_linux-x86_64","threads_per_allocation":1,"number_of_allocations":0,"adaptive_allocations":{"enabled":true,"min_number_of_allocations":0,"max_number_of_allocations":32},"queue_capacity":10000,"state":"started","allocation_status":{"allocation_count":0,"target_allocation_count":0,"state":"fully_allocated"},"cache_size":"262mb","priority":"normal","start_time":1758889568657,"peak_throughput_per_minute":0,"nodes":[]}},{"model_id":"lang_ident_model_1","model_size_stats":{"model_size_bytes":1053992,"required_native_memory_bytes":0},"pipeline_count":0}]}