{"afs-daily-snapshots":{"version":1,"modified_date":"2025-09-23T13:10:23.756Z","modified_date_millis":1758633023756,"policy":{"name":"<afs-daily-snapshots-{now/d}>","schedule":"0 30 0 * * ?","repository":"my_backup","config":{"feature_states":[],"include_global_state":true},"retention":{"expire_after":"365d","min_count":1,"max_count":10}},"last_success":{"snapshot_name":"afs-daily-snapshots-2026.01.29-5ljkff0dsp6saamc398d7w","start_time_string":"2026-01-29T00:29:59.879Z","start_time":1769646599879,"time_string":"2026-01-29T00:57:23.326Z","time":1769648243326},"last_failure":{"snapshot_name":"afs-daily-snapshots-2025.11.05-zsdd5vecqvsgrd7lswu12q","time_string":"2025-11-05T00:30:01.348Z","time":1762302601348,"details":"{\"type\":\"snapshot_exception\",\"reason\":\"[my_backup:afs-daily-snapshots-2025.11.05-zsdd5vecqvsgrd7lswu12q/rNMNjrrvRlyerzl5GYzHSw] failed to update snapshot in repository\",\"caused_by\":{\"type\":\"blob_storage_exception\",\"reason\":\"If you are using a StorageSharedKeyCredential, and the server returned an error message that says 'Signature did not match', you can compare the string to sign with the one generated by the SDK. To log the string to sign, pass in the context key value pair 'Azure-Storage-Log-String-To-Sign': true to the appropriate method call.\\nIf you are using a SAS token, and the server returned an error message that says 'Signature did not match', you can compare the string to sign with the one generated by the SDK. To log the string to sign, pass in the context key value pair 'Azure-Storage-Log-String-To-Sign': true to the appropriate generateSas method call.\\nPlease remember to disable 'Azure-Storage-Log-String-To-Sign' before going to production as this string can potentially"},"next_execution":"2026-01-30T00:30:00.000Z","next_execution_millis":1769733000000,"stats":{"policy":"afs-daily-snapshots","snapshots_taken":128,"snapshots_failed":1,"snapshots_deleted":118,"snapshot_deletion_failures":0}}}