{"count":8,"transforms":[{"id":"endpoint.metadata_current-default-9.1.0","state":"started","node":{"id":"qH6PNowDS1GslOgh_1HN_A","name":"afs-vm-eastus-elastic-az1-hot-p01","ephemeral_id":"p11IBM5mRXCLavsUl9o7Cw","transport_address":"192.168.0.9:9300","attributes":{}},"stats":{"pages_processed":49,"documents_processed":24,"documents_indexed":24,"documents_deleted":0,"trigger_count":7156767,"index_time_in_ms":288,"index_total":24,"index_failures":0,"search_time_in_ms":70,"search_total":49,"search_failures":0,"processing_time_in_ms":0,"processing_total":49,"delete_time_in_ms":0,"exponential_avg_checkpoint_duration_ms":61.83688699616705,"exponential_avg_documents_indexed":0.9919016641667044,"exponential_avg_documents_processed":0.9919016641667044},"checkpointing":{"last":{"checkpoint":25,"timestamp_millis":1763115583896,"time_upper_bound_millis":1763115582896},"last_search_time":1769698501296},"health":{"status":"green"}},{"id":"endpoint.metadata_united-default-9.1.0","state":"started","node":{"id":"qH6PNowDS1GslOgh_1HN_A","name":"afs-vm-eastus-elastic-az1-hot-p01","ephemeral_id":"p11IBM5mRXCLavsUl9o7Cw","transport_address":"192.168.0.9:9300","attributes":{}},"stats":{"pages_processed":5759017,"documents_processed":3254467,"documents_indexed":2601358,"documents_deleted":0,"trigger_count":11458436,"index_time_in_ms":17424110,"index_total":1439751,"index_failures":0,"search_time_in_ms":9171237,"search_total":5759017,"search_failures":1,"processing_time_in_ms":7220,"processing_total":5759017,"delete_time_in_ms":0,"exponential_avg_checkpoint_duration_ms":75.64433980236282,"exponential_avg_documents_indexed":2.1176937425646702,"exponential_avg_documents_processed":3.0201853585883978},"checkpointing":{"last":{"checkpoint":1439766,"timestamp_millis":1769698482280,"time_upper_bound_millis":1769698478280},"operations_behind":5,"changes_last_detected_at":1769698482277,"last_search_time":1769698501296},"health":{"status":"green"}},{"id":"logs-elasticsearch.index_pivot-default-0.3.0","state":"stopped","stats":{"pages_processed":0,"documents_processed":0,"documents_indexed":0,"documents_deleted":0,"trigger_count":0,"index_time_in_ms":0,"index_total":0,"index_failures":0,"search_time_in_ms":0,"search_total":0,"search_failures":0,"processing_time_in_ms":0,"processing_total":0,"delete_time_in_ms":0,"exponential_avg_checkpoint_duration_ms":0.0,"exponential_avg_documents_indexed":0.0,"exponential_avg_documents_processed":0.0},"checkpointing":{"last":{"checkpoint":0}},"health":{"status":"green"}},{"id":"logs-rapid7_insightvm.latest_cdr_vulnerabilities-default-0.1.0","state":"started","node":{"id":"qH6PNowDS1GslOgh_1HN_A","name":"afs-vm-eastus-elastic-az1-hot-p01","ephemeral_id":"p11IBM5mRXCLavsUl9o7Cw","transport_address":"192.168.0.9:9300","attributes":{}},"stats":{"pages_processed":1,"documents_processed":0,"documents_indexed":0,"documents_deleted":0,"trigger_count":4678,"index_time_in_ms":0,"index_total":0,"index_failures":0,"search_time_in_ms":0,"search_total":1,"search_failures":0,"processing_time_in_ms":0,"processing_total":1,"delete_time_in_ms":29,"exponential_avg_checkpoint_duration_ms":54.0,"exponential_avg_documents_indexed":0.0,"exponential_avg_documents_processed":0.0},"checkpointing":{"last":{"checkpoint":1,"timestamp_millis":1758893750319,"time_upper_bound_millis":1758893690319},"last_search_time":1769698360251},"health":{"status":"green"}},{"id":"logs-ti_rapid7_threat_command.latest_alert-default-0.2.0","state":"started","node":{"id":"qH6PNowDS1GslOgh_1HN_A","name":"afs-vm-eastus-elastic-az1-hot-p01","ephemeral_id":"p11IBM5mRXCLavsUl9o7Cw","transport_address":"192.168.0.9:9300","attributes":{}},"stats":{"pages_processed":1,"documents_processed":0,"documents_indexed":0,"documents_deleted":0,"trigger_count":46766,"index_time_in_ms":0,"index_total":0,"index_failures":0,"search_time_in_ms":0,"search_total":1,"search_failures":0,"processing_time_in_ms":0,"processing_total":1,"delete_time_in_ms":1,"exponential_avg_checkpoint_duration_ms":21.0,"exponential_avg_documents_indexed":0.0,"exponential_avg_documents_processed":0.0},"checkpointing":{"last":{"checkpoint":1,"timestamp_millis":1758893012148,"time_upper_bound_millis":1758892892148},"last_search_time":1769698481277},"health":{"status":"green"}},{"id":"logs-ti_rapid7_threat_command.latest_ioc-default-0.2.0","state":"started","node":{"id":"qH6PNowDS1GslOgh_1HN_A","name":"afs-vm-eastus-elastic-az1-hot-p01","ephemeral_id":"p11IBM5mRXCLavsUl9o7Cw","transport_address":"192.168.0.9:9300","attributes":{}},"stats":{"pages_processed":1,"documents_processed":0,"documents_indexed":0,"documents_deleted":0,"trigger_count":46766,"index_time_in_ms":0,"index_total":0,"index_failures":0,"search_time_in_ms":1,"search_total":1,"search_failures":0,"processing_time_in_ms":0,"processing_total":1,"delete_time_in_ms":22,"exponential_avg_checkpoint_duration_ms":56.0,"exponential_avg_documents_indexed":0.0,"exponential_avg_documents_processed":0.0},"checkpointing":{"last":{"checkpoint":1,"timestamp_millis":1758893012028,"time_upper_bound_millis":1758892892028},"last_search_time":1769698481277},"health":{"status":"green"}},{"id":"logs-ti_rapid7_threat_command.latest_vulnerability-default-0.2.0","state":"started","node":{"id":"qH6PNowDS1GslOgh_1HN_A","name":"afs-vm-eastus-elastic-az1-hot-p01","ephemeral_id":"p11IBM5mRXCLavsUl9o7Cw","transport_address":"192.168.0.9:9300","attributes":{}},"stats":{"pages_processed":1,"documents_processed":0,"documents_indexed":0,"documents_deleted":0,"trigger_count":46766,"index_time_in_ms":0,"index_total":0,"index_failures":0,"search_time_in_ms":0,"search_total":1,"search_failures":0,"processing_time_in_ms":0,"processing_total":1,"delete_time_in_ms":1,"exponential_avg_checkpoint_duration_ms":17.0,"exponential_avg_documents_indexed":0.0,"exponential_avg_documents_processed":0.0},"checkpointing":{"last":{"checkpoint":1,"timestamp_millis":1758893012079,"time_upper_bound_millis":1758892892079},"last_search_time":1769698481277},"health":{"status":"green"}},{"id":"snare_endpoints_last_v2","state":"failed","reason":"task encountered irrecoverable failure: org.elasticsearch.index.shard.ShardNotFoundException: no such shard","node":{"id":"qH6PNowDS1GslOgh_1HN_A","name":"afs-vm-eastus-elastic-az1-hot-p01","ephemeral_id":"p11IBM5mRXCLavsUl9o7Cw","transport_address":"192.168.0.9:9300","attributes":{}},"stats":{"pages_processed":356209,"documents_processed":147539832011779,"documents_indexed":38846479,"documents_deleted":0,"trigger_count":54646,"index_time_in_ms":2613443,"index_total":101703,"index_failures":0,"search_time_in_ms":2852715980,"search_total":356209,"search_failures":13,"processing_time_in_ms":70969,"processing_total":356209,"delete_time_in_ms":0,"exponential_avg_checkpoint_duration_ms":152247.63803340268,"exponential_avg_documents_indexed":863.5839008615418,"exponential_avg_documents_processed":7.241748002214677E9},"checkpointing":{"last":{"checkpoint":51090,"timestamp_millis":1768295002894,"time_upper_bound_millis":1768294702894},"next":{"checkpoint":51091,"checkpoint_progress":{"docs_indexed":888,"docs_processed":7263839633},"timestamp_millis":1768295179879,"time_upper_bound_millis":1768294879879},"changes_last_detected_at":1768295293748,"last_search_time":1768295293748},"health":{"status":"red","issues":[{"type":"transform_task_failed","issue":"Transform task state is [failed]","details":"task encountered irrecoverable failure: org.elasticsearch.index.shard.ShardNotFoundException: no such shard","count":1,"first_occurrence":1768295293764}]}}]}