{"_nodes":{"total":9,"successful":9,"failed":0},"cluster_name":"afs-elastic","manually_stopped":false,"stats":[{"node_id":"qH6PNowDS1GslOgh_1HN_A","watcher_state":"started","watch_count":0,"execution_thread_pool":{"queue_size":0,"max_size":0},"current_watches":[],"queued_watches":[]},{"node_id":"FkXTMwl2Qf-rur1P48QeNQ","watcher_state":"started","watch_count":0,"execution_thread_pool":{"queue_size":0,"max_size":0},"current_watches":[],"queued_watches":[]},{"node_id":"SywzE6bgQ6uWp_7InJeFuw","watcher_state":"started","watch_count":0,"execution_thread_pool":{"queue_size":0,"max_size":0},"current_watches":[],"queued_watches":[]},{"node_id":"shEbUp1xSt22U26Y1kWHAA","watcher_state":"started","watch_count":0,"execution_thread_pool":{"queue_size":0,"max_size":0},"current_watches":[],"queued_watches":[]},{"node_id":"p8x67SRnRRSe-fTgH6fW0A","watcher_state":"started","watch_count":0,"execution_thread_pool":{"queue_size":0,"max_size":0},"current_watches":[],"queued_watches":[]},{"node_id":"FpfZMqOJQOSb8QPexZxqwQ","watcher_state":"started","watch_count":0,"execution_thread_pool":{"queue_size":0,"max_size":0},"current_watches":[],"queued_watches":[]},{"node_id":"cadAw8rHRey02P9JG7EU5w","watcher_state":"started","watch_count":0,"execution_thread_pool":{"queue_size":0,"max_size":0},"current_watches":[],"queued_watches":[]},{"node_id":"5zGVWtZuRN2K4L9nes5rQQ","watcher_state":"started","watch_count":0,"execution_thread_pool":{"queue_size":0,"max_size":0},"current_watches":[],"queued_watches":[]},{"node_id":"HLzM4CFpSx-TKeGjft7BGA","watcher_state":"started","watch_count":0,"execution_thread_pool":{"queue_size":0,"max_size":0},"current_watches":[],"queued_watches":[]}]}