{"stats":{"successful_downloads":57,"failed_downloads":0,"total_download_time":46541,"databases_count":3,"skipped_updates":0,"expired_databases":0},"nodes":{"5zGVWtZuRN2K4L9nes5rQQ":{"databases":[{"name":"GeoLite2-City.mmdb"},{"name":"GeoLite2-Country.mmdb"},{"name":"GeoLite2-ASN.mmdb"}],"files_in_temp":["GeoLite2-ASN.mmdb_LICENSE.txt","GeoLite2-City.mmdb_LICENSE.txt","GeoLite2-Country.mmdb_elastic-geoip-database-service-agreement-LICENSE.txt","GeoLite2-ASN.mmdb_elastic-geoip-database-service-agreement-LICENSE.txt","GeoLite2-City.mmdb_elastic-geoip-database-service-agreement-LICENSE.txt","GeoLite2-ASN.mmdb_COPYRIGHT.txt","GeoLite2-City.mmdb_README.txt","GeoLite2-Country.mmdb_COPYRIGHT.txt","GeoLite2-City.mmdb","GeoLite2-Country.mmdb","GeoLite2-City.mmdb_COPYRIGHT.txt","GeoLite2-Country.mmdb_LICENSE.txt","GeoLite2-ASN.mmdb"],"cache_stats":{"count":1000,"hits":13737827,"misses":558879,"evictions":557879,"hits_time_in_millis":4840,"misses_time_in_millis":107854}},"qH6PNowDS1GslOgh_1HN_A":{"databases":[{"name":"GeoLite2-City.mmdb"},{"name":"GeoLite2-Country.mmdb"},{"name":"GeoLite2-ASN.mmdb"}],"files_in_temp":["GeoLite2-ASN.mmdb_LICENSE.txt","GeoLite2-City.mmdb_LICENSE.txt","GeoLite2-Country.mmdb_elastic-geoip-database-service-agreement-LICENSE.txt","GeoLite2-ASN.mmdb_elastic-geoip-database-service-agreement-LICENSE.txt","GeoLite2-City.mmdb_elastic-geoip-database-service-agreement-LICENSE.txt","GeoLite2-ASN.mmdb_COPYRIGHT.txt","GeoLite2-City.mmdb_README.txt","GeoLite2-Country.mmdb_COPYRIGHT.txt","GeoLite2-City.mmdb","GeoLite2-Country.mmdb","GeoLite2-City.mmdb_COPYRIGHT.txt","GeoLite2-Country.mmdb_LICENSE.txt","GeoLite2-ASN.mmdb"],"cache_stats":{"count":1000,"hits":8361511888,"misses":1622913783,"evictions":1622912779,"hits_time_in_millis":2510615,"misses_time_in_millis":8548320}}}}