{"_nodes":{"total":9,"successful":9,"failed":0},"cluster_name":"afs-elastic","nodes":{"5zGVWtZuRN2K4L9nes5rQQ":{"timestamp":1769698603150,"since":1765290262307,"rest_actions":{"nodes_usage_action":6,"security_get_role_mappings_action":5,"ilm_get_action":5,"enrich_stats":5,"ml_get_datafeed_stats_action":5,"get_index_template_action":5,"cat_alias_action":6,"remote_cluster_info_action":5,"security_get_privileges_action":5,"get_mapping_action":6,"cat_count_action":6,"nodes_stats_action":12,"nodes_hot_threads_action":6,"ccr_stats":5,"ml_memory_action":5,"cat_segments_action":6,"ml_get_trained_models_stats_action":5,"cat_health_action":6,"slm_get_lifecycle_stats":5,"get_rollup_job":5,"searchable_snapshots_stats_action":5,"cluster_allocation_explain_action":12,"cluster_health_action":6,"count_action":6,"get_rollup_caps":5,"cat_templates_action":6,"cat_recovery_action":6,"list_dangling_indices":6,"transform_get_transform_node_stats_action":5,"cat_shards_action":17,"cluster_get_settings_action":12,"cat_plugins_action":5,"get_settings_action":5,"cat_indices_action":6,"ilm_get_operation_mode_action":5,"xpack_ml_get_data_frame_analytics_stats_action":5,"xpack_ml_get_data_frame_analytics_action":5,"transform_get_transform_action":5,"get_shutdown_status":5,"ccr_follower_info":5,"ml_get_datafeeds_action":5,"cat_master_action":12,"get_repositories_action":5,"list_tasks_action":5,"ingest_get_pipeline_action":5,"cat_node_attrs_action":6,"logstash_get_pipeline":5,"cat_threadpool_action":6,"get_component_template_action":6,"ml_info_action":5,"nodes_info_action":12,"get_desired_balance":6,"ml_get_jobs_action":5,"get_composable_index_template_action":6,"slm_get_lifecycle":5,"watcher_stats":10,"indices_shard_stores_action":5,"indices_segments_action":5,"security_get_roles_action":5,"get_autoscaling_capacity":5,"cat_fielddata_action":12,"searchable_snapshots_cache_stats_action":5,"get_license":6,"main_action":11,"ml_get_trained_models_action":5,"ilm_explain_action":10,"ml_get_job_stats_action":5,"ssl_get_certificates":5,"pending_cluster_tasks_action":6,"cat_repositories_action":6,"xpack_usage_action":5,"get_data_streams_action":5,"security_get_users_action":5,"get_enrich_policy":5,"health_action":6,"cat_pending_cluster_tasks_action":6,"indices_stats_action":6,"cat_nodes_action":12,"cluster_state_action":6,"cluster_stats_action":6,"recovery_action":5,"get_snapshots_action":5,"get_aliases_action":6,"slm_get_operation_mode_action":5,"get_profiling_status_action":5,"cat_allocation_action":12,"get_rollup_index_caps":5,"ccr_get_auto_follow_pattern_action":5,"transform_get_transform_stats_action":10,"geoip_downloader_stats":6},"aggregations":{"date_histogram":{"date":1006951,"range":2010},"geo_centroid":{"geopoint":15},"rare_terms":{"keyword":3},"geotile_grid":{"geopoint":15},"range":{"date":50121},"random_sampler":{"other":39},"sum":{"numeric":149961,"counter":7706},"top_hits":{"other":4072566},"nested":{"other":31700},"min":{"date":116309,"numeric":64692},"avg":{"numeric":988229},"terms":{"date":10666,"boolean":42623,"ip":714,"numeric":18080,"keyword":11228660},"stats":{"date":8,"numeric":5887758},"composite":{"other":2549379},"missing":{"ip":4,"keyword":102252},"value_count":{"date":4,"ip":13,"numeric":2,"keyword":8407},"categorize_text":{"other":17348},"date_range":{"date":272},"percentiles":{"numeric":1088},"max":{"date":768115,"numeric":1903956,"counter":200607},"scripted_metric":{"other":1140744},"top_metrics":{"other":2501},"filters":{"other":1587549},"cardinality":{"date":19,"boolean":17,"ip":16064,"numeric":8685,"geopoint":2,"keyword":213970},"sampler":{"other":946},"histogram":{"numeric":1239821},"filter":{"other":393998},"reverse_nested":{"other":24784},"multi_terms":{"other":1242}}},"cadAw8rHRey02P9JG7EU5w":{"timestamp":1769698603144,"since":1764307426906,"rest_actions":{},"aggregations":{}},"p8x67SRnRRSe-fTgH6fW0A":{"timestamp":1769698603137,"since":1764314134557,"rest_actions":{},"aggregations":{"date_histogram":{"date":6913},"max":{"date":4573360},"random_sampler":{"other":93},"filters":{"other":10023},"top_hits":{"other":2464},"cardinality":{"date":3,"keyword":42017,"ip":55},"sampler":{"other":221},"filter":{"other":5553},"min":{"date":265},"terms":{"keyword":11237},"composite":{"other":2286494},"significant_terms":{"keyword":860,"ip":10},"value_count":{"keyword":791},"categorize_text":{"other":42}}},"HLzM4CFpSx-TKeGjft7BGA":{"timestamp":1769698603140,"since":1764305682089,"rest_actions":{},"aggregations":{}},"FkXTMwl2Qf-rur1P48QeNQ":{"timestamp":1769698603154,"since":1764304775221,"rest_actions":{},"aggregations":{}},"qH6PNowDS1GslOgh_1HN_A":{"timestamp":1769698603154,"since":1764311360280,"rest_actions":{"nodes_usage_action":5,"security_get_role_mappings_action":5,"ilm_get_action":5,"enrich_stats":5,"ml_get_datafeed_stats_action":5,"get_index_template_action":5,"cat_alias_action":5,"remote_cluster_info_action":5,"security_get_privileges_action":5,"get_mapping_action":5,"cat_count_action":5,"nodes_stats_action":10,"nodes_hot_threads_action":5,"ccr_stats":5,"ml_memory_action":5,"cat_segments_action":5,"ml_get_trained_models_stats_action":5,"cat_health_action":5,"slm_get_lifecycle_stats":5,"get_rollup_job":5,"searchable_snapshots_stats_action":5,"cluster_allocation_explain_action":10,"cluster_health_action":5,"count_action":5,"get_rollup_caps":5,"cat_templates_action":5,"cat_recovery_action":5,"list_dangling_indices":5,"transform_get_transform_node_stats_action":5,"cat_shards_action":15,"cluster_get_settings_action":10,"cat_plugins_action":5,"get_settings_action":5,"cat_indices_action":5,"ilm_get_operation_mode_action":5,"xpack_ml_get_data_frame_analytics_stats_action":5,"xpack_ml_get_data_frame_analytics_action":5,"transform_get_transform_action":5,"get_shutdown_status":5,"ccr_follower_info":5,"ml_get_datafeeds_action":5,"cat_master_action":10,"get_repositories_action":5,"list_tasks_action":5,"bulk_action":9162558,"ingest_get_pipeline_action":5,"cat_node_attrs_action":5,"logstash_get_pipeline":5,"cat_threadpool_action":5,"get_component_template_action":5,"ml_info_action":5,"nodes_info_action":10,"get_desired_balance":5,"ml_get_jobs_action":5,"get_composable_index_template_action":5,"slm_get_lifecycle":5,"watcher_stats":10,"indices_shard_stores_action":5,"indices_segments_action":5,"security_get_roles_action":5,"get_autoscaling_capacity":5,"cat_fielddata_action":10,"searchable_snapshots_cache_stats_action":5,"get_license":15845,"main_action":3530,"ml_get_trained_models_action":5,"ilm_explain_action":10,"ml_get_job_stats_action":5,"ssl_get_certificates":5,"pending_cluster_tasks_action":5,"cat_repositories_action":5,"xpack_usage_action":5,"get_data_streams_action":5,"security_get_users_action":5,"get_enrich_policy":5,"health_action":5,"cat_pending_cluster_tasks_action":5,"indices_stats_action":5,"cat_nodes_action":10,"cluster_state_action":5,"cluster_stats_action":5,"recovery_action":5,"get_snapshots_action":5,"get_aliases_action":5,"slm_get_operation_mode_action":5,"get_profiling_status_action":5,"cat_allocation_action":10,"get_rollup_index_caps":5,"ccr_get_auto_follow_pattern_action":5,"transform_get_transform_stats_action":10,"geoip_downloader_stats":5},"aggregations":{"date_histogram":{"date":1668462,"range":2717},"geo_centroid":{"geopoint":17},"rare_terms":{"keyword":3},"geotile_grid":{"geopoint":17},"range":{"date":121632},"random_sampler":{"other":899},"sum":{"numeric":9235051,"counter":12139},"top_hits":{"other":6995033},"nested":{"other":93930},"min":{"date":226138,"numeric":88556},"avg":{"numeric":1578935},"terms":{"date":46213,"numeric":20061,"boolean":86793,"keyword":19574104,"ip":2746},"stats":{"date":132,"numeric":9447167},"composite":{"other":3298294},"missing":{"keyword":248268,"ip":1830},"significant_terms":{"keyword":13915,"ip":202},"value_count":{"date":4,"numeric":8,"boolean":1,"keyword":15598,"ip":9},"categorize_text":{"other":19607},"date_range":{"date":539},"percentiles":{"numeric":2386},"max":{"date":1437206,"numeric":3296605,"counter":320293},"scripted_metric":{"other":1382844},"top_metrics":{"other":3089},"filters":{"other":3052934},"cardinality":{"date":241,"boolean":251,"ip":20284,"numeric":10703,"geopoint":27,"range":2,"keyword":792050},"sampler":{"other":9609},"histogram":{"numeric":2879512},"filter":{"other":948837},"reverse_nested":{"other":72599},"multi_terms":{"other":4568}}},"SywzE6bgQ6uWp_7InJeFuw":{"timestamp":1769698603154,"since":1764313311742,"rest_actions":{},"aggregations":{"percentiles":{"numeric":1},"date_histogram":{"date":7748},"max":{"date":3935322},"rare_terms":{"keyword":3},"random_sampler":{"other":47},"sum":{"numeric":18},"top_metrics":{"other":24},"filters":{"other":8376},"top_hits":{"other":2410},"cardinality":{"date":10,"numeric":14,"boolean":4,"keyword":35746,"ip":144},"sampler":{"other":337},"filter":{"other":7552},"min":{"date":7793},"terms":{"numeric":5,"keyword":11349,"ip":213},"stats":{"date":1,"numeric":1},"composite":{"other":1991353},"value_count":{"date":6,"keyword":2205},"categorize_text":{"other":9}}},"shEbUp1xSt22U26Y1kWHAA":{"timestamp":1769698603153,"since":1764308462900,"rest_actions":{"security_get_role_mappings_action":2,"ilm_get_action":164,"ml_get_datafeed_stats_action":3095,"ml_get_calendar_events_action":2999,"esql_delete_async_result":15,"xpack_security_invalidate_api_key":6316,"remote_cluster_info_action":112,"security_get_privileges_action":31,"get_mapping_action":244,"get_indices_action":114231,"create_index_action":54,"update_by_query_action":5396,"ml_memory_action":10,"ml_get_trained_models_stats_action":16,"eql_search":185224,"async_search_submit_action":57689,"get_autoscaling_policy":6,"field_capabilities_action":9836236,"document_get_action":15393597,"cluster_allocation_explain_action":3,"count_action":229576,"fleet_get_global_checkpoints":89921,"xpack_security_query_role":49,"cat_shards_action":5,"cluster_get_settings_action":3230,"get_settings_action":652,"document_index_action":1103328,"security_authenticate_action":1498585,"connector_sync_jobs_list_action":71,"msearch_action":5788917,"xpack_ml_get_data_frame_analytics_action":1525,"security_change_password_action":8,"ccr_follower_info":92,"async_search_status_action":46223,"data_stream_stats_action":60,"ingest_simulate_pipeline_action":8,"get_repositories_action":14,"security_has_privileges_action":10894722,"delete_composable_index_template_action":103,"cat_threadpool_action":5,"security_profile_has_privileges_action":17116,"nodes_info_action":4311080,"ingest_put_pipeline_action":107,"ml_get_jobs_action":7916,"security_user_privileges_action":5,"term_enum_action":8977,"open_point_in_time":660254,"async_search_get_action":27112,"xpack_security_grant_api_key":418,"ilm_delete_action":1,"synonyms_sets_get_action":1,"ml_get_trained_models_action":1511,"create_data_stream_action":11,"ml_get_job_stats_action":3095,"put_mapping_action":535,"analyze_action":90,"xpack_usage_action":90,"get_data_streams_action":13324,"security_get_users_action":53,"document_create_action_auto_id":89832,"document_create_action":3193,"cluster_stats_action":71,"search_action":18325210,"fleet_get_secret":84,"get_aliases_action":8767,"cat_allocation_action":1,"vector_tile_action":16,"rollover_index_action":14,"ml_get_calendars_action":2999,"transform_get_transform_stats_action":18725,"nodes_usage_action":71,"document_update_action":4473889,"get_index_template_action":5182,"get_trial_status":14,"connector_list_action":185,"security_get_builtin_privileges_action":3,"query_ruleset_list_action":1,"nodes_stats_action":1310,"ccr_stats":1,"esql_get_async_result":506,"monitoring_bulk":1077902,"xpack_security_update_profile_data":1,"get_rollup_job":2,"security_put_user_action":4,"cluster_health_action":1319,"document_delete_action":4153,"esql_query":8,"xpack_security_query_api_key":7,"resolve_cluster_action":883,"async_search_delete_action":594,"close_point_in_time":642242,"cat_indices_action":649,"xpack_security_activate_profile":452,"graph":1,"transform_get_transform_action":17987,"simulate_template_action":449,"fleet_msearch_action":127836,"search_application_list_action":2,"get_data_lifecycles_action":56,"document_mget_action":2322266,"ml_get_datafeeds_action":4511,"list_tasks_action":11,"bulk_action":12735865,"ingest_get_pipeline_action":326,"logstash_get_pipeline":7,"get_component_template_action":5688,"ml_info_action":3531,"put_component_template_action":515,"esql_async_query":89470,"get_composable_index_template_action":5892,"ilm_put_action":24,"slm_get_lifecycle":6,"security_delete_user_action":1,"xpack_info_action":733189,"xpack_security_get_api_key":81,"security_get_roles_action":44,"xpack_security_suggest_profile":17125,"delete_by_query_action":4200,"get_license":35690,"main_action":95104,"get_inference_model_action":74,"ilm_explain_action":331504,"fleet_search_action":120,"get_enrich_policy":7,"indices_stats_action":6152,"cat_nodes_action":2,"_scripts_painless_execute":1,"resolve_index_action":197,"simulate_index_template_action":465,"recovery_action":1,"get_snapshots_action":5,"slm_get_operation_mode_action":1,"get_rollup_index_caps":100,"update_settings_action":473,"ingest_delete_pipeline_action":7,"put_composable_index_template_action":441,"security_put_role_action":2,"refresh_action":322,"search_scroll_action":219,"xpack_security_get_profile":353354},"aggregations":{}},"FpfZMqOJQOSb8QPexZxqwQ":{"timestamp":1769698603153,"since":1764306549696,"rest_actions":{},"aggregations":{}}}}