[{"path":"certs/http.p12","format":"PKCS12","alias":"http","subject_dn":"CN=Elasticsearch security auto-configuration HTTP CA","serial_number":"78bbbf60910ce993ad3de2596cf5b23f306375ba","has_private_key":false,"expiry":"2028-09-03T13:07:27.000Z","issuer":"CN=Elasticsearch security auto-configuration HTTP CA"},{"path":"certs/http.p12","format":"PKCS12","alias":"http","subject_dn":"CN=afs-vm-eastus-elastic-az2-hot-p02","serial_number":"ee508f7b4c913c9b0d4666028e08b87e430def37","has_private_key":true,"expiry":"2027-09-04T13:20:30.000Z","issuer":"CN=Elasticsearch security auto-configuration HTTP CA"},{"path":"certs/http.p12","format":"PKCS12","alias":"http_ca","subject_dn":"CN=Elasticsearch security auto-configuration HTTP CA","serial_number":"78bbbf60910ce993ad3de2596cf5b23f306375ba","has_private_key":true,"expiry":"2028-09-03T13:07:27.000Z","issuer":"CN=Elasticsearch security auto-configuration HTTP CA"},{"path":"certs/transport.p12","format":"PKCS12","alias":"transport","subject_dn":"CN=Elasticsearch security auto-configuration transport CA","serial_number":"1a499153fb5f8974bfd05d2cd35b930a188b4ebd","has_private_key":false,"expiry":"2124-08-11T13:07:25.000Z","issuer":"CN=Elasticsearch security auto-configuration transport CA"},{"path":"certs/transport.p12","format":"PKCS12","alias":"transport","subject_dn":"CN=afs-vm-eastus-elastic-az1-mas-p01","serial_number":"a420ccd7b9f4075c636071e366db3cbe9995b9f5","has_private_key":true,"expiry":"2124-08-11T13:07:25.000Z","issuer":"CN=Elasticsearch security auto-configuration transport CA"},{"path":"certs/transport.p12","format":"PKCS12","alias":"transport_ca","subject_dn":"CN=Elasticsearch security auto-configuration transport CA","serial_number":"1a499153fb5f8974bfd05d2cd35b930a188b4ebd","has_private_key":false,"expiry":"2124-08-11T13:07:25.000Z","issuer":"CN=Elasticsearch security auto-configuration transport CA"}]