{
  "name" : "afs-vm-eastus-elastic-az2-hot-p02",
  "cluster_name" : "afs-elastic",
  "cluster_uuid" : "syp-d1FkSmebbnz_ImOl2A",
  "version" : {
    "number" : "9.1.3",
    "build_flavor" : "default",
    "build_type" : "rpm",
    "build_hash" : "0c781091a2f57de895a73a1391ff8426c0153c8d",
    "build_date" : "2025-08-24T22:05:04.526302670Z",
    "build_snapshot" : false,
    "lucene_version" : "10.2.2",
    "minimum_wire_compatibility_version" : "8.19.0",
    "minimum_index_compatibility_version" : "8.0.0"
  },
  "tagline" : "You Know, for Search"
}
